{"elapsed_1978": 5.173050403594971, "results_1978": [], "elapsed_allYears": 50.980441093444824, "results_allYears": []}